<li><a href="/wiki/1-800-GOT-JUNK%3F" title="1-800-GOT-JUNK?">1-800-GOT-JUNK?</a></li>
<li><a href="/wiki/A%26W_(Canada)" title="A&amp;W (Canada)">A&amp;W</a></li>
<li><a href="/wiki/AbitibiBowater" class="mw-redirect" title="AbitibiBowater">AbitibiBowater</a></li>
<li><a href="/wiki/Access_Communications" title="Access Communications">Access Communications</a></li>
<li><a href="/wiki/Ache_Records" title="Ache Records">Ache Records</a></li>
<li><a href="/wiki/Addition_Elle" title="Addition Elle">Addition Elle</a> (women's clothing)</li>
<li><a href="/wiki/Advance_Gold" title="Advance Gold">Advance Gold</a> (mining)</li>
<li><a href="/wiki/Advanced_Cyclotron_Systems" title="Advanced Cyclotron Systems">Advanced Cyclotron Systems</a>
<li><a href="/wiki/Affinity_Credit_Union" title="Affinity Credit Union">Affinity Credit Union</a> (banking)</li>
<li><a href="/wiki/Ahed" title="Ahed">Ahed</a> (guitar equipment)</li>
<li><a href="/wiki/Air_Canada" title="Air Canada">Air Canada</a> (airline)</li>
<li><a href="/wiki/ALDO_Group" class="mw-redirect" title="ALDO Group">ALDO Group</a></li>
<li><a href="/wiki/AldrichPears_Associates" title="AldrichPears Associates">AldrichPears Associates</a></li>
<li><a href="/wiki/Algonquin_Power" class="mw-redirect" title="Algonquin Power">Algonquin Power</a></li>
<li><a href="/wiki/Allied_Shipbuilders" title="Allied Shipbuilders">Allied Shipbuilders</a></li>
<li><a href="/wiki/Alta_Newspaper_Group" title="Alta Newspaper Group">Alta Newspaper Group</a></li>
<li><a href="/wiki/Alterra_Power" title="Alterra Power">Alterra Power</a></li>
<li><a href="/wiki/Angoss" title="Angoss">Angoss Software Corporation</a> (software)</li>
<li><a href="/wiki/Appnovation" title="Appnovation">Appnovation</a></li>
<li><a href="/wiki/Arc%27teryx" title="Arc'teryx">Arc'teryx</a> (outdoor apparel/equipment)</li>
<li><a href="/wiki/Areva_Resources_Canada" title="Areva Resources Canada">Areva Resources Canada</a> (uranium)
<li><a href="/wiki/Aritzia" title="Aritzia">Aritzia</a> (clothing)</li>
<li><a href="/wiki/Army_%26_Navy_Stores_(Canada)" title="Army &amp; Navy Stores (Canada)">Army &amp; Navy
<li><a href="/wiki/Arsenal_Pulp_Press" title="Arsenal Pulp Press">Arsenal Pulp Press</a> (publisher)</li>
<li><a href="/wiki/ATI_technologies" class="mw-redirect" title="ATI technologies">ATI technologies</a>
<li><a href="/wiki/Atimi_Software_Inc" title="Atimi Software Inc">Atimi Software Inc</a></li>
<li><a href="/wiki/Atmosphere_Visual_Effects" title="Atmosphere Visual Effects">Atmosphere Visual Effects</a>
<li><a href="/wiki/AVI_Sound_International" title="AVI Sound International">AVI Sound International</a>
<li><a href="/wiki/Ballard_Power_Systems" title="Ballard Power Systems">Ballard Power Systems</a></li>
<li><a href="/wiki/Banff_Lodging_Co" title="Banff Lodging Co">Banff Lodging Co</a></li>
<li><a href="/wiki/Bank_of_Montreal" title="Bank of Montreal">Bank of Montreal</a></li>
<li><a href="/wiki/Bard_Ventures_Company" class="mw-redirect" title="Bard Ventures Company">Bard Ventures
<li><a href="/wiki/The_Bargain!_Shop" title="The Bargain! Shop">The Bargain! Shop</a></li>
<li><a href="/wiki/Barrick_Gold" title="Barrick Gold">Barrick Gold</a></li>
<li><a href="/wiki/BBC_Kids" title="BBC Kids">BBC Kids</a> (television)</li>
<li><a href="/wiki/BC_Hydro" title="BC Hydro">BC Hydro</a></li>
<li><a href="/wiki/BC_Research_Inc" title="BC Research Inc">BC Research Inc</a></li>
<li><a href="/wiki/Becancour_Silicon" title="Becancour Silicon">Becancour Silicon</a> (silicon manufacture)</li>
<li><a href="/wiki/Becker%27s" title="Becker's">Becker's</a></li>
<li><a href="/wiki/Bell_Canada" title="Bell Canada">Bell Canada</a></li>
<li><a href="/wiki/Ben_Moss_Jewellers" title="Ben Moss Jewellers">Ben Moss Jewellers</a></li>
<li><a href="/wiki/Bennett_Environmental" title="Bennett Environmental">Bennett Environmental</a></li>
<li><a href="/wiki/Big_Blue_Bubble" title="Big Blue Bubble">Big Blue Bubble</a> (software firm)</li>
<li><a href="/wiki/BigPark" title="BigPark">BigPark</a> (software firm)</li>
<li><a href="/wiki/Biovail" title="Biovail">Biovail</a></li>
<li><a href="/wiki/BioWare" title="BioWare">BioWare</a> (video games)</li>
<li><a href="/wiki/Bison_Transport_Inc." class="mw-redirect" title="Bison Transport Inc.">Bison Transport
<li><a href="/wiki/Black_Diamond_Cheese_Limited" class="mw-redirect" title="Black Diamond Cheese Limited">Black
<li><a href="/wiki/Black_Hen_Music" title="Black Hen Music">Black Hen Music</a> (record label)</li>
<li><a href="/wiki/Black_Photo_Corporation" class="mw-redirect" title="Black Photo Corporation">Black Photo
<li><a href="/wiki/BlackBerry_(company)" class="mw-redirect" title="BlackBerry (company)">BlackBerry</a>
<li><a href="/wiki/Blackburn_Radio" title="Blackburn Radio">Blackburn Radio</a></li>
<li><a href="/wiki/Blake,_Cassels_%26_Graydon" title="Blake, Cassels &amp; Graydon">Blake, Cassels &amp;
<li><a href="/wiki/Bleeding_Art_Industries" title="Bleeding Art Industries">Bleeding Art Industries</a> (special
<li><a href="/wiki/Blenz_Coffee" title="Blenz Coffee">Blenz Coffee</a></li>
<li><a href="/wiki/Blue_Water_Studios" class="mw-redirect" title="Blue Water Studios">Blue Water Studios</a>
<li><a href="/wiki/Bluenotes" title="Bluenotes">Bluenotes</a></li>
<li><a href="/wiki/Boeing_Canada" title="Boeing Canada">Boeing Canada</a></li>
<li><a href="/wiki/Bombardier_Inc." title="Bombardier Inc.">Bombardier Inc.</a></li>
<li><a href="/wiki/Bombardier_Recreational_Products" title="Bombardier Recreational Products">Bombardier
<li><a href="/wiki/Book_City_(Canada)" title="Book City (Canada)">Book City</a></li>
<li><a href="/wiki/Boston_Pizza" title="Boston Pizza">Boston Pizza</a></li>
<li><a href="/wiki/Bowring_Brothers" title="Bowring Brothers">Bowring Brothers</a></li>
<li><a href="/wiki/Boyd_Group_Income_Fund" title="Boyd Group Income Fund">Boyd Group Income Fund</a> (service)
<li><a href="/wiki/Bre-X" title="Bre-X">Bre-X</a></li>
<li><a href="/wiki/Brick_Brewing_Company" title="Brick Brewing Company">Brick Brewing Company</a></li>
<li><a href="/wiki/Brightlight_Pictures" title="Brightlight Pictures">Brightlight Pictures</a></li>
<li><a href="/wiki/Brookfield_Asset_Management" title="Brookfield Asset Management">Brookfield Asset
<li><a href="/wiki/The_Brick" title="The Brick">The Brick</a></li>
<li><a href="/wiki/Bridgewater_Bank" title="Bridgewater Bank">Bridgewater Bank</a></li>
<li><a href="/wiki/BrightSide_Technologies" title="BrightSide Technologies">BrightSide Technologies</a> (display
<li><a href="/wiki/Brock_Solutions" title="Brock Solutions">Brock Solutions</a></li>
<li><a href="/wiki/Bruce_Power" title="Bruce Power">Bruce Power</a></li>
<li><a href="/wiki/Brunet_(pharmacy)" title="Brunet (pharmacy)">Brunet</a> (pharmacy)</li>
<li><a href="/wiki/A_Buck_or_Two" title="A Buck or Two">Buck or Two Extreme Retail, Inc.</a> (retail)</li>
<li><a href="/wiki/Buckley%27s" title="Buckley's">Buckley's</a></li>
<li><a href="/wiki/Buhler_Industries_Inc." class="mw-redirect" title="Buhler Industries Inc.">Buhler Industries
<li><a href="/wiki/Bulk_Barn" title="Bulk Barn">Bulk Barn</a> (food retail)</li>
<li><a href="/wiki/Bullfrog_Power" title="Bullfrog Power">Bullfrog Power</a> (low carbon domestic and business
<li><a href="/wiki/Cactus_Club_Cafe" title="Cactus Club Cafe">Cactus Club Cafe</a> (restaurant chain)</li>
<li><a href="/wiki/Cadillac_Fairview" title="Cadillac Fairview">Cadillac Fairview</a> (property)</li>
<li><a href="/wiki/CAE_(company)" class="mw-redirect" title="CAE (company)">CAE</a> (flight simulators and
<li><a href="/wiki/Calm_Air" title="Calm Air">Calm Air</a> (airline)</li>
<li><a href="/wiki/Cameco" title="Cameco">Cameco</a> (uranium)</li>
<li><a href="/wiki/Canada_Deposit_Insurance_Corporation" title="Canada Deposit Insurance Corporation">Canada
<li><a href="/wiki/Canada_Wide_Media" title="Canada Wide Media">Canada Wide Media</a> (publisher)</li>
<li><a href="/wiki/Canadian_Bank_Note_Company" title="Canadian Bank Note Company">Canadian Bank Note Company</a>
<li><a href="/wiki/Canadian_Broadcasting_Corporation" title="Canadian Broadcasting Corporation">Canadian
<li><a href="/wiki/Canadian_Hydro_Developers" title="Canadian Hydro Developers">Canadian Hydro Developers</a>
<li><a href="/wiki/Canadian_Light_Source_Synchrotron" class="mw-redirect"
<li><a href="/wiki/Canadian_National_Railway" title="Canadian National Railway">Canadian National Railway</a>
<li><a href="/wiki/Canadian_Natural_Resources_Ltd." class="mw-redirect" title="Canadian Natural Resources Ltd.">Canadian
<li><a href="/wiki/Canadian_Oil_Sands_Trust" class="mw-redirect" title="Canadian Oil Sands Trust">Canadian Oil
<li><a href="/wiki/Canadian_Pacific_Railway_Limited" class="mw-redirect"
<li><a href="/wiki/Canadian_Plasma_Resources" title="Canadian Plasma Resources">Canadian Plasma Resources</a>
<li><a href="/wiki/Canadian_Salt_Company" title="Canadian Salt Company">Canadian Salt Company</a></li>
<li><a href="/wiki/Canadian_Steamship_Lines" class="mw-redirect" title="Canadian Steamship Lines">Canadian
<li><a href="/wiki/Canadian_Tire" title="Canadian Tire">Canadian Tire</a> (retail)</li>
<li><a href="/wiki/Canadian_Tire_Financial_Services" title="Canadian Tire Financial Services">Canadian Tire
<li><a href="/wiki/Canadian_Western_Bank" title="Canadian Western Bank">Canadian Western Bank</a> (banking)</li>
<li><a href="/wiki/Canadian_Wheat_Board" title="Canadian Wheat Board">Canadian Wheat Board</a> (agri-business)
<li><a href="/wiki/Canalta_Hotels" title="Canalta Hotels">Canalta Hotels</a> (hotel chain in Western Canada)
<li><a href="/wiki/Candente_Copper" title="Candente Copper">Candente Copper</a> (mining)</li>
<li><a href="/wiki/Cangene_Corp." class="mw-redirect" title="Cangene Corp.">Cangene Corp.</a> (biotech)</li>
<li><a href="/wiki/CanJet" title="CanJet">CanJet</a> (airline)</li>
<li><a href="/wiki/Canpotex" title="Canpotex">Canpotex</a> (potash export)</li>
<li><a href="/wiki/Canucks_Sports_%26_Entertainment" title="Canucks Sports &amp; Entertainment">Canucks Sports
<li><a href="/wiki/Canwest" title="Canwest">Canwest</a> (broadcast)</li>
<li><a href="/wiki/Capcom_Vancouver" title="Capcom Vancouver">Capcom Vancouver</a> (video games development)
<li><a href="/wiki/Cara_Operations" title="Cara Operations">Cara Operations</a> (food services)</li>
<li><a href="/wiki/Cargill_Ltd." title="Cargill Ltd.">Cargill Ltd.</a></li>
<li><a href="/wiki/Casavant_Fr%C3%A8res" title="Casavant Frères">Casavant Frères</a></li>
<li><a href="/wiki/Cascades_Inc." class="mw-redirect" title="Cascades Inc.">Cascades</a></li>
<li><a href="/wiki/Catalyst_Paper" title="Catalyst Paper">Catalyst Paper</a></li>
<li><a href="/wiki/Celestica" title="Celestica">Celestica</a></li>
<li><a href="/wiki/Cellcom_Communications" title="Cellcom Communications">Cellcom Communications</a></li>
<li><a href="/wiki/Centra_Gas_Manitoba_Inc." class="mw-redirect" title="Centra Gas Manitoba Inc.">Centra Gas
<li><a href="/wiki/Central_Heat_Distribution" title="Central Heat Distribution">Central Heat Distribution</a>
<li><a href="/wiki/Central_Mountain_Air" title="Central Mountain Air">Central Mountain Air</a> (airline)</li>
<li><a href="/wiki/CGI_Group" title="CGI Group">CGI Group</a> (IT consulting)</li>
<li><a href="/wiki/Chapters" title="Chapters">Chapters</a></li>
<li><a href="/wiki/Le_Chateau" class="mw-redirect" title="Le Chateau">Le Chateau</a> (retail)</li>
<li><a href="/wiki/CHC_Helicopter" title="CHC Helicopter">CHC Helicopter</a></li>
<li><a href="/wiki/Choices_Market" title="Choices Market">Choices Market</a></li>
<li><a href="/wiki/CHUM_Limited" title="CHUM Limited">CHUM Limited</a> (broadcast)</li>
<li><a href="/wiki/Churchill_Investments_Group" title="Churchill Investments Group">Churchill Investments
<li><a href="/wiki/Canadian_Imperial_Bank_of_Commerce" title="Canadian Imperial Bank of Commerce">CIBC</a>
<li><a href="/wiki/Cineplex_Entertainment" title="Cineplex Entertainment">Cineplex Entertainment</a></li>
<li><a href="/wiki/Cirque_du_Soleil" title="Cirque du Soleil">Cirque du Soleil</a></li>
<li><a href="/wiki/Citizens_Bank_of_Canada" title="Citizens Bank of Canada">Citizens Bank of Canada</a>
<li><a href="/wiki/CityWest" title="CityWest">CityWest</a> (telephone/cable company)</li>
<li><a href="/wiki/Clearly_Canadian" title="Clearly Canadian">Clearly Canadian</a> (bottled water)</li>
<li><a href="/wiki/Club_Monaco" title="Club Monaco">Club Monaco</a></li>
<li><a href="/wiki/Coachman_Insurance_Company" title="Coachman Insurance Company">Coachman Insurance Company</a>
<li><a href="/wiki/Coffee_Time" title="Coffee Time">Coffee Time</a> (coffee shops)</li>
<li><a href="/wiki/Cognos" title="Cognos">Cognos</a> (software)</li>
<li><a href="/wiki/Colt_Canada" title="Colt Canada">Colt Canada</a> (military equipment and defence contractor)
<li><a href="/wiki/Comm100" title="Comm100">Comm100</a> (live chat software provider)</li>
<li><a href="/wiki/Commodore_Books" title="Commodore Books">Commodore Books</a> (publisher)</li>
<li><a href="/wiki/Concentra_Financial" title="Concentra Financial">Concentra Financial</a> (financial services)
<li><a href="/wiki/Concord_Pacific_Developments" title="Concord Pacific Developments">Concord Pacific
<li><a href="/wiki/Conestoga-Rovers_%26_Associates" title="Conestoga-Rovers &amp; Associates">Conestoga-Rovers
<li><a href="/wiki/Conexus_Credit_Union" title="Conexus Credit Union">Conexus Credit Union</a> (financial
<li><a href="/wiki/Continental_Newspapers" title="Continental Newspapers">Continental Newspapers</a> (regional
<li><a href="/wiki/CoolDrivePass" title="CoolDrivePass">CoolDrivePass</a> (carbon trading)</li>
<li><a href="/wiki/Corby_Distilleries" class="mw-redirect" title="Corby Distilleries">Corby Distilleries</a>
<li><a href="/wiki/Cordiant_Capital_Inc." title="Cordiant Capital Inc.">Cordiant Capital Inc.</a> (investment
<li><a href="/wiki/Corel" title="Corel">Corel</a> (software)</li>
<li><a href="/wiki/Corus_Entertainment" title="Corus Entertainment">Corus Entertainment</a> (entertainment
<li><a href="/wiki/Cossette_Communication_Group" class="mw-redirect" title="Cossette Communication Group">Cossette
<li><a href="/wiki/Coteau_Books" title="Coteau Books">Coteau Books</a> (publisher)</li>
<li><a href="/wiki/Cott" title="Cott">Cott</a></li>
<li><a href="/wiki/Country_Style" title="Country Style">Country Style</a> (coffee shops)</li>
<li><a href="/wiki/Creation_Technologies" title="Creation Technologies">Creation Technologies</a> (<a
<li><a href="/wiki/Crestline_Coach" title="Crestline Coach">Crestline Coach</a></li>
<li><a href="/wiki/Cruiseshipcenters_international" title="Cruiseshipcenters international">Cruiseshipcenters
<li><a href="/wiki/CSA_Group" title="CSA Group">CSA Group</a> (standards/testing lab)</li>
<li><a href="/wiki/CTC_Bank_of_Canada" title="CTC Bank of Canada">CTC Bank of Canada</a></li>
<li><a href="/wiki/CTV_Television_Network" title="CTV Television Network">CTV Television Network</a></li>
<li><a href="/wiki/Customer1" title="Customer1">Customer1</a> (software)</li>
<li><a href="/wiki/Cymax_Stores" title="Cymax Stores">Cymax Stores</a></li>
<li><a href="/wiki/D-Wave_Systems" title="D-Wave Systems">D-Wave Systems</a> (quantum computing)</li>
<li><a href="/wiki/DaimlerChrysler_Canada" class="mw-redirect" title="DaimlerChrysler Canada">DaimlerChrysler
<li><a href="/wiki/Dairyland_Canada" title="Dairyland Canada">Dairyland Canada</a></li>
<li><a href="/wiki/Daiya" title="Daiya">Daiya</a> (cheese company)</li>
<li><a href="/wiki/Dalsa" class="mw-redirect" title="Dalsa">Dalsa</a></li>
<li><a href="/wiki/Dare_Foods" title="Dare Foods">Dare Foods</a></li>
<li><a href="/wiki/Dart_Flipcards_Inc." class="mw-redirect" title="Dart Flipcards Inc.">Dart Flipcards Inc.</a>
<li><a href="/wiki/Deloitte" title="Deloitte">Deloitte</a></li>
<li><a href="/wiki/Delta_Hotels" title="Delta Hotels">Delta Hotels</a></li>
<li><a href="/wiki/Desjardins_Group" title="Desjardins Group">Desjardins Group</a></li>
<li><a href="/wiki/DHX_Media_Vancouver" class="mw-redirect" title="DHX Media Vancouver">DHX Media Vancouver</a>
<li><a href="/wiki/Diamond_Energy" title="Diamond Energy">Diamond Energy</a> (well service company)</li>
<li><a href="/wiki/Digital_Extremes" title="Digital Extremes">Digital Extremes</a> (video games, e.g.
<li><a href="/wiki/Discovery_Air" title="Discovery Air">Discovery Air</a> (specialized aviation)
<li><a href="/wiki/Discovery_Air_Defence_Services" class="mw-redirect"
<li><a href="/wiki/Disney_Online_Studios_Canada" class="mw-redirect" title="Disney Online Studios Canada">Disney
<li><a href="/wiki/Dofasco" title="Dofasco">Dofasco</a> (now owned by <a href="/wiki/Luxembourg"
<li><a href="/wiki/Dollar_Giant" class="mw-redirect" title="Dollar Giant">Dollar Giant</a> (retail)</li>
<li><a href="/wiki/Dollarama" title="Dollarama">Dollarama</a> (retail)</li>
<li><a href="/wiki/Dominion_Voting_Systems" title="Dominion Voting Systems">Dominion Voting Systems</a>
<li><a href="/wiki/Domtar" title="Domtar">Domtar</a> (pulp and paper company)</li>
<li><a href="/wiki/Donner_Metals" title="Donner Metals">Donner Metals</a> (mining)</li>
<li><a href="/wiki/DreamCatcher_Games" class="mw-redirect" title="DreamCatcher Games">DreamCatcher Games</a>
<li><a href="/wiki/Dynamotive_Energy_Systems" title="Dynamotive Energy Systems">Dynamotive Energy Systems</a>
<li><a href="/wiki/Dynamsoft" title="Dynamsoft">Dynamsoft</a> (TWAIN SDKS, on-premises and hosting version
<li><a href="/wiki/Dynasty_EV" class="mw-redirect" title="Dynasty EV">Dynasty EV</a></li>
<li><a href="/wiki/DynaVenture" title="DynaVenture">DynaVenture</a></li>
<li><a href="/wiki/EA_Black_Box" title="EA Black Box">EA Black Box</a> (video game developer)</li>
<li><a href="/wiki/EA_Canada" title="EA Canada">EA Canada</a> (video game developer)</li>
<li><a href="/wiki/Ebco_Industries" title="Ebco Industries">Ebco Industries</a></li>
<li><a href="/wiki/Elastic_Path" title="Elastic Path">Elastic Path</a> (software)</li>
<li><a href="/wiki/Electric_TM4" class="mw-redirect" title="Electric TM4">Electric TM4</a> (electrodynamic
<li><a href="/wiki/Electrohome" title="Electrohome">Electrohome</a></li>
<li><a href="/wiki/EllisDon" title="EllisDon">EllisDon</a> (general contractor)</li>
<li><a href="/wiki/The_Embassy_Visual_Effects" title="The Embassy Visual Effects">The Embassy Visual Effects</a>
<li><a href="/wiki/Emera" title="Emera">Emera</a></li>
<li><a href="/wiki/Enbridge" title="Enbridge">Enbridge</a></li>
<li><a href="/wiki/EnCana" class="mw-redirect" title="EnCana">EnCana</a></li>
<li><a href="/wiki/Engineered_Lifting_Systems_%26_Equipment_Inc" class="mw-redirect"
<li><a href="/wiki/Enwave" title="Enwave">Enwave</a> (district heating/cooling in Toronto)</li>
<li><a href="/wiki/F%26P_Manufacturing_Inc." title="F&amp;P Manufacturing Inc.">F&amp;P Manufacturing Inc.</a>
<li><a href="/wiki/Fairchild_Group" title="Fairchild Group">Fairchild Group</a>
<li><a href="/wiki/Fairchild_TV" title="Fairchild TV">Fairchild TV</a> (Cantonese language television)
<li><a href="/wiki/Fairfax_Financial" title="Fairfax Financial">Fairfax Financial</a></li>
<li><a href="/wiki/Fairmont_Hotels_and_Resorts" title="Fairmont Hotels and Resorts">Fairmont Hotels and
<li><a href="/wiki/Falconbridge_Ltd." title="Falconbridge Ltd.">Falconbridge Ltd.</a></li>
<li><a href="/wiki/Farmers_of_North_America" title="Farmers of North America">Farmers of North America</a></li>
<li><a href="/wiki/Fast_Eddies" title="Fast Eddies">Fast Eddies</a></li>
<li><a href="/wiki/Federated_Co-operatives" title="Federated Co-operatives">Federated Co-operatives</a></li>
<li><a href="/wiki/Federated_Insurance_Company_of_Canada" title="Federated Insurance Company of Canada">Federated
<li><a href="/wiki/Finning" title="Finning">Finning</a> (heavy equipment distributor)</li>
<li><a href="/wiki/First_Air" title="First Air">First Air</a></li>
<li><a href="/wiki/First_Nations_Bank_of_Canada" title="First Nations Bank of Canada">First Nations Bank of
<li><a href="/wiki/First_Majestic_Silver" title="First Majestic Silver">First Majestic Silver</a> (mining)</li>
<li><a href="/wiki/First_West_Credit_Union" title="First West Credit Union">First West Credit Union</a></li>
<li><a href="/wiki/Flickr" title="Flickr">Flickr</a> (popular photo sharing website, bought by Yahoo!)</li>
<li><a href="/wiki/Fluid_Music" class="mw-redirect" title="Fluid Music">Fluid Music</a> (media company)</li>
<li><a href="/wiki/Flying_Wedge_Pizza" title="Flying Wedge Pizza">Flying Wedge Pizza</a></li>
<li><a href="/wiki/Force_Four_Entertainment" title="Force Four Entertainment">Force Four Entertainment</a>
<li><a href="/wiki/Ford_Motor_Company_of_Canada,_Limited" class="mw-redirect"
<li><a href="/wiki/Fort_Garry_Brewery" class="mw-redirect" title="Fort Garry Brewery">Fort Garry Brewery</a>
<li><a href="/wiki/Fortis_Inc." title="Fortis Inc.">Fortis Inc.</a>
<li><a href="/wiki/FortisBC" title="FortisBC">FortisBC</a> (power/gas distribution)</li>
<li><a href="/wiki/Forzani_Group" title="Forzani Group">Forzani Group</a> (sports retail)</li>
<li><a href="/wiki/Four_Seasons_Hotel" class="mw-redirect" title="Four Seasons Hotel">Four Seasons Hotel</a>
<li><a href="/wiki/FreshBooks" title="FreshBooks">FreshBooks</a></li>
<li><a href="/wiki/Freshslice_Pizza" title="Freshslice Pizza">Freshslice Pizza</a></li>
<li><a href="/wiki/Future_Shop" title="Future Shop">Future Shop</a></li>
<li><a href="/wiki/Gabriel_Kney" title="Gabriel Kney">Gabriel Kney</a></li>
<li><a href="/wiki/Ganz_(toy_company)" title="Ganz (toy company)">Ganz</a></li>
<li><a href="/wiki/Garage_(store)" class="mw-redirect" title="Garage (store)">Garage</a> (store)</li>
<li><a href="/wiki/General_Dynamics" title="General Dynamics">General Dynamics Canada</a> (defence technology)
<li><a href="/wiki/General_Motors_Canada" title="General Motors Canada">General Motors Canada</a></li>
<li><a href="/wiki/George_Weston_Limited" title="George Weston Limited">George Weston Limited</a> (foods)</li>
<li><a href="/wiki/Geosoft" title="Geosoft">Geosoft</a></li>
<li><a href="/wiki/Giant_Tiger" title="Giant Tiger">Giant Tiger</a> (discount store)</li>
<li><a href="/wiki/Glacier_Media" title="Glacier Media">Glacier Media</a> (newspaper publisher)</li>
<li><a href="/wiki/Glentel" title="Glentel">Glentel</a> (phone retailed, under WirelessWave, Tbooth Wireless
<li><a href="/wiki/Global_Mechanic" title="Global Mechanic">Global Mechanic</a> (animation company)</li>
<li><a href="/wiki/GlobeScan" title="GlobeScan">GlobeScan</a></li>
<li><a href="/wiki/Goldcorp" title="Goldcorp">Goldcorp</a> (gold)</li>
<li><a href="/wiki/GoodLife_Fitness" title="GoodLife Fitness">GoodLife Fitness</a></li>
<li><a href="/wiki/The_Great-West_Life_Assurance_Company" title="The Great-West Life Assurance Company">The
<li><a href="/wiki/Great_Western_Brewing_Company" title="Great Western Brewing Company">Great Western Brewing
<li><a href="/wiki/Guardian_Biotechnologies" title="Guardian Biotechnologies">Guardian Biotechnologies</a></li>
<li><a href="/wiki/GuestLogix" title="GuestLogix">GuestLogix</a> (POS terminal used in-flight by airlines)</li>
<li><a href="/wiki/Harbour_Publishing" title="Harbour Publishing">Harbour Publishing</a></li>
<li><a href="/wiki/Halogen_Software" title="Halogen Software">Halogen Software</a></li>
<li><a href="/wiki/Harlequin_Enterprises_Ltd" class="mw-redirect" title="Harlequin Enterprises Ltd">Harlequin
<li><a href="/wiki/Harry_Rosen_Inc." title="Harry Rosen Inc.">Harry Rosen Inc.</a> (retail)</li>
<li><a href="/wiki/Hart_Stores" title="Hart Stores">Hart Stores</a></li>
<li><a href="/wiki/Harvey%27s_fast_food_restaurant" class="mw-redirect" title="Harvey's fast food restaurant">Harvey's</a>
<li><a href="/wiki/Hatch_Ltd" title="Hatch Ltd">Hatch Ltd</a></li>
<li><a href="/wiki/Hathor_Exploration" title="Hathor Exploration">Hathor Exploration</a> Limited (uranium)</li>
<li><a href="/wiki/Haywire_Winery" title="Haywire Winery">Haywire Winery</a></li>
<li><a href="/wiki/Hellbent_Games" title="Hellbent Games">Hellbent Games</a></li>
<li><a href="/wiki/H%C3%A9roux-Devtek" title="Héroux-Devtek">Héroux-Devtek</a></li>
<li><a href="/wiki/Hidden_Valley_Highlands" title="Hidden Valley Highlands">Hidden Valley Highlands</a></li>
<li><a href="/wiki/Hitachi_Canadian_Industries" class="mw-redirect" title="Hitachi Canadian Industries">Hitachi
<li><a href="/wiki/Home_Hardware" title="Home Hardware">Home Hardware</a> (retail)</li>
<li><a href="/wiki/Honda_Canada_Inc." title="Honda Canada Inc.">Honda Canada</a></li>
<li><a href="/wiki/Honeywell" title="Honeywell">Honeywell ASCa Inc.</a> (defence aerospace)</li>
<li><a href="/wiki/HSBC_Bank_Canada" title="HSBC Bank Canada">HSBC Bank Canada</a></li>
<li><a href="/wiki/Hudson_Bay_Mining_and_Smelting_Co._Ltd." class="mw-redirect"
<li><a href="/wiki/Hudson_Boatworks" title="Hudson Boatworks">Hudson Boatworks</a></li>
<li><a href="/wiki/Hudson%27s_Bay_Company" title="Hudson's Bay Company">Hudson's Bay Company</a></li>
<li><a href="/wiki/Husky_Energy" title="Husky Energy">Husky Energy</a></li>
<li><a href="/wiki/Hydro-Qu%C3%A9bec" title="Hydro-Québec">Hydro-Québec</a></li>
<li><a href="/wiki/IDA_(drug_store)" class="mw-redirect" title="IDA (drug store)">IDA</a> (drug store)</li>
<li><a href="/wiki/IGM_Financial_Inc." class="mw-redirect" title="IGM Financial Inc.">IGM Financial Inc.</a>
<li><a href="/wiki/IL_Therapeutics" title="IL Therapeutics">IL Therapeutics</a> (bio-tech)</li>
<li><a href="/wiki/IMAX_Corporation" title="IMAX Corporation">IMAX Corporation</a></li>
<li><a href="/wiki/Immersive_Media" title="Immersive Media">Immersive Media</a></li>
<li><a href="/wiki/ImmersiVision" title="ImmersiVision">ImmersiVision</a></li>
<li><a href="/wiki/Imperial_Oil" title="Imperial Oil">Imperial Oil</a> (Esso)</li>
<li><a href="/wiki/Indigo_Books_and_Music" title="Indigo Books and Music">Indigo Books and Music</a></li>
<li><a href="/wiki/Info-Tech_Research_Group" title="Info-Tech Research Group">Info-Tech Research Group</a> (IT
<li><a href="/wiki/Information_Services_Corporation_of_Saskatchewan" class="mw-redirect"
<li><a href="/wiki/Ingle_International" title="Ingle International">Ingle International</a> (insurance)</li>
<li><a href="/wiki/Innovation_Place_Research_Park" title="Innovation Place Research Park">Innovation Place
<li><a href="/wiki/The_Insurance_Company_of_Prince_Edward_Island"
<li><a href="/wiki/Intelligent_Creatures" title="Intelligent Creatures">Intelligent Creatures</a> (visual
<li><a href="/wiki/Inter_Pipeline_Fund" class="mw-redirect" title="Inter Pipeline Fund">Inter Pipeline Fund</a>
<li><a href="/wiki/Interchill_Records" title="Interchill Records">Interchill Records</a> (record company)</li>
<li><a href="/wiki/International_Road_Dynamics" title="International Road Dynamics">International Road
<li><a href="/wiki/Intertape_Polymer_Group" title="Intertape Polymer Group">Intertape Polymer Group</a></li>
<li><a href="/wiki/Intrawest" title="Intrawest">Intrawest</a></li>
<li><a href="/wiki/Intuit_Canada" title="Intuit Canada">Intuit Canada</a> (financial software)</li>
<li><a href="/wiki/Investment_Saskatchewan" title="Investment Saskatchewan">Investment Saskatchewan</a></li>
<li><a href="/wiki/Investors_Group" class="mw-redirect" title="Investors Group">Investors Group</a></li>
<li><a href="/wiki/Ironclad_Games" title="Ironclad Games">Ironclad Games</a></li>
<li><a href="/wiki/Irving_Oil" title="Irving Oil">Irving Oil</a></li>
<li><a href="/wiki/Island_Timberlands" title="Island Timberlands">Island Timberlands</a></li>
<li><a href="/wiki/Jackson_Grills" title="Jackson Grills">Jackson Grills</a> (grill manufacture)</li>
<li><a href="/wiki/James_Richardson_%26_Sons,_Limited" class="mw-redirect"
<li><a href="/wiki/Air_Canada_Jazz" class="mw-redirect" title="Air Canada Jazz">Jazz Air LP</a> (airlines
<li><a href="/wiki/Jean_Coutu_Group" title="Jean Coutu Group">Jean Coutu</a> (pharmacies)</li>
<li><a href="/wiki/Jim_Pattison_Group" title="Jim Pattison Group">Jim Pattison Group</a></li>
<li><a href="/wiki/Joker%27s_Closet" title="Joker's Closet">Joker's Closet</a> (fashion)</li>
<li><a href="/wiki/Kal_Tire" title="Kal Tire">Kal Tire</a></li>
<li><a href="/wiki/Katz_Group" class="mw-redirect" title="Katz Group">Katz Group</a></li>
<li><a href="/wiki/Kelowna_Flightcraft_Ltd." class="mw-redirect" title="Kelowna Flightcraft Ltd.">Kelowna
<li><a href="/wiki/Kelowna_Flightcraft_Air_Charter" class="mw-redirect"
<li><a href="/wiki/Kinross_Gold" title="Kinross Gold">Kinross Gold</a></li>
<li><a href="/wiki/Kitchen_Craft_of_Canada_Ltd." class="mw-redirect" title="Kitchen Craft of Canada Ltd.">Kitchen
<li><a href="/wiki/Kitco" title="Kitco">Kitco</a> (precious metals)</li>
<li><a href="/wiki/KMS_Tools" title="KMS Tools">KMS Tools</a></li>
<li><a href="/wiki/Knowledge_Network" title="Knowledge Network">Knowledge Network</a> (television network)</li>
<li><a href="/wiki/Kobo_Inc." title="Kobo Inc.">Kobo Inc.</a></li>
<li><a href="/wiki/Koingo_Software" title="Koingo Software">Koingo Software</a></li>
<li><a href="/wiki/Kootenay_Direct_Airlines" title="Kootenay Direct Airlines">Kootenay Direct Airlines</a></li>
<li><a href="/wiki/Kruger_Inc." title="Kruger Inc.">Kruger Inc.</a></li>
<li><a href="/wiki/Labatt_Brewing_Company" title="Labatt Brewing Company">Labatt Brewing Company</a> (now owned
<li><a href="/wiki/LASIK_MD" title="LASIK MD">LASIK MD</a></li>
<li><a href="/wiki/Lassonde_Industries" title="Lassonde Industries">Lassonde Industries</a></li>
<li><a href="/wiki/Laurentian_Bank_of_Canada" title="Laurentian Bank of Canada">Laurentian Bank of Canada</a>
<li><a href="/wiki/Lee_Valley_Tools" title="Lee Valley Tools">Lee Valley Tools</a> (retail)</li>
<li><a href="/wiki/L%C3%A9ger_Marketing" title="Léger Marketing">Léger Marketing</a> (polls and market research)
<li><a href="/wiki/Leon%27s" title="Leon's">Leon's</a></li>
<li><a href="/wiki/Linamar" title="Linamar">Linamar</a></li>
<li><a href="/wiki/Lions_Gate_Entertainment" class="mw-redirect" title="Lions Gate Entertainment">Lions Gate
<li><a href="/wiki/Liquidation_World" class="mw-redirect" title="Liquidation World">Liquidation World</a>
<li><a href="/wiki/Liquor_Control_Board_of_Ontario" title="Liquor Control Board of Ontario">Liquor Control Board
<li><a href="/wiki/Lise_Watier" title="Lise Watier">Lise Watier</a></li>
<li><a href="/wiki/Livingston_International" title="Livingston International">Livingston International</a></li>
<li><a href="/wiki/Loblaws" title="Loblaws">Loblaws</a></li>
<li><a href="/wiki/Loginradius" class="mw-redirect" title="Loginradius">Loginradius</a></li>
<li><a href="/wiki/London_Drugs" title="London Drugs">London Drugs</a></li>
<li><a href="/wiki/London_Life_Insurance_Company" title="London Life Insurance Company">London Life Insurance
<li><a href="/wiki/Look_Communications" title="Look Communications">Look Communications</a></li>
<li><a href="/wiki/Lululemon" class="mw-redirect" title="Lululemon">Lululemon</a> (retail)</li>
<li><a href="/wiki/Lystek" title="Lystek">Lystek</a> (waste management)</li>
<li><a href="/wiki/MacDonald_Dettwiler" class="mw-redirect" title="MacDonald Dettwiler">MacDonald Dettwiler</a>
<li><a href="/wiki/Mac%27s_Milk" class="mw-redirect" title="Mac's Milk">Mac's Milk</a></li>
<li><a href="/wiki/Magna_International" title="Magna International">Magna International</a> (auto parts)</li>
<li><a href="/wiki/La_Maison_Simons" title="La Maison Simons">La Maison Simons</a> (retail)</li>
<li><a href="/wiki/Manitoba_Hydro" title="Manitoba Hydro">Manitoba Hydro</a></li>
<li><a href="/wiki/Manitoba_Liquor_Control_Commission" title="Manitoba Liquor Control Commission">Manitoba
<li><a href="/wiki/Manitoba_Lotteries_Corp." class="mw-redirect" title="Manitoba Lotteries Corp.">Manitoba
<li><a href="/wiki/Manitoba_Public_Insurance_Corporation" class="mw-redirect"
<li><a href="/wiki/Manitoba_Telecom_Services" title="Manitoba Telecom Services">Manitoba Telecom Services</a>
<li><a href="/wiki/Manulife_Financial" class="mw-redirect" title="Manulife Financial">Manulife Financial</a>
<li><a href="/wiki/Maple_Leaf_Foods" title="Maple Leaf Foods">Maple Leaf Foods</a> (food products)</li>
<li><a href="/wiki/Maple_Leaf_Sports_%26_Entertainment" title="Maple Leaf Sports &amp; Entertainment">Maple Leaf
<li><a href="/wiki/Maritime_Life" title="Maritime Life">Maritime Life</a></li>
<li><a href="/wiki/Mark%27s_Work_Wearhouse" class="mw-redirect" title="Mark's Work Wearhouse">Mark's Work
<li><a href="/wiki/Mary_Brown%27s" title="Mary Brown's">Mary Brown's</a></li>
<li><a href="/wiki/Masonite_International" title="Masonite International">Masonite International</a></li>
<li><a href="/wiki/Matrox" title="Matrox">Matrox</a></li>
<li><a href="/wiki/Maxim_Power" title="Maxim Power">Maxim Power</a> (power generation)</li>
<li><a href="/wiki/McCain_Foods" title="McCain Foods">McCain Foods</a> (world's largest manufacturer of French
<li><a href="/wiki/McClelland_and_Stewart" class="mw-redirect" title="McClelland and Stewart">McClelland and
<li><a href="/wiki/McDonald%27s_Canada" title="McDonald's Canada">McDonald's Canada</a></li>
<li><a href="/wiki/MDS_Inc." class="mw-redirect" title="MDS Inc.">MDS Inc.</a></li>
<li><a href="/wiki/Memotec_Data_Incorporated" title="Memotec Data Incorporated">Memotec</a></li>
<li><a href="/wiki/Mercedes-Benz" title="Mercedes-Benz">Mercedes-Benz Canada</a> (cars)</li>
<li><a href="/wiki/Metal_Supermarkets" title="Metal Supermarkets">Metal Supermarkets</a></li>
<li><a href="/wiki/Method_(app)" title="Method (app)">Method</a></li>
<li><a href="/wiki/Metro_Inc" class="mw-redirect" title="Metro Inc">Metro Inc</a></li>
<li><a href="/wiki/Microcell_Telecommunications" class="mw-redirect" title="Microcell Telecommunications">Microcell
<li><a href="/wiki/Mr._Sub" title="Mr. Sub">Mr. Sub</a></li>
<li><a href="/wiki/Mitel" title="Mitel">Mitel</a></li>
<li><a href="/wiki/Mobilicity" title="Mobilicity">Mobilicity</a></li>
<li><a href="/wiki/Molson" class="mw-redirect" title="Molson">Molson</a></li>
<li><a href="/wiki/Montana%27s_Cookhouse" title="Montana's Cookhouse">Montana's Cookhouse</a></li>
<li><a href="/wiki/Moosehead_Brewery" title="Moosehead Brewery">Moosehead Brewery</a></li>
<li><a href="/wiki/Motor_Coach_Industries" title="Motor Coach Industries">Motor Coach Industries</a>
<li><a href="/wiki/Mozilla_Messaging" title="Mozilla Messaging">Mozilla Messaging</a></li>
<li><a href="/wiki/National_Bank_of_Canada" title="National Bank of Canada">National Bank of Canada</a></li>
<li><a href="/wiki/Nature%27s_Path" title="Nature's Path">Nature's Path</a> (organic food)</li>
<li><a href="/wiki/NCIX" title="NCIX">NCIX</a> (computer hardware)</li>
<li><a href="/wiki/Nelvana" title="Nelvana">Nelvana</a> (entertainment)</li>
<li><a href="/wiki/New_Flyer_Industries" title="New Flyer Industries">New Flyer Industries</a> (bus manufacture)
<li><a href="/wiki/New_York_Fries" title="New York Fries">New York Fries</a> (fast food)</li>
<li><a href="/wiki/Nexen" title="Nexen">Nexen</a> (oil/gas)</li>
<li><a href="/wiki/Nexient" title="Nexient">Nexient</a> (corporate training)</li>
<li><a href="/wiki/Nintendo" title="Nintendo">Nintendo of Canada</a></li>
<li><a href="/wiki/NorandaFalconbridge" class="mw-redirect" title="NorandaFalconbridge">NorandaFalconbridge</a>
<li><a href="/wiki/NORPAC_Controls" title="NORPAC Controls">NORPAC Controls</a> (industrial automation products)
<li><a href="/wiki/Nortel_Networks" class="mw-redirect" title="Nortel Networks">Nortel Networks</a>
<li><a href="/wiki/North_West_Company" title="North West Company">North West Company</a> (retail)</li>
<li><a href="/wiki/The_North_West_Company_Fund" class="mw-redirect" title="The North West Company Fund">The
<li><a href="/wiki/NOVA_Chemicals" class="mw-redirect" title="NOVA Chemicals">NOVA Chemicals</a></li>
<li><a href="/wiki/Nova_Scotia_Power" title="Nova Scotia Power">Nova Scotia Power</a></li>
<li><a href="/wiki/Novacam_Technologies" title="Novacam Technologies">Novacam Technologies</a>
<li><a href="/wiki/Novosbed" title="Novosbed">Novosbed</a> (e-commerce)</li>
<li><a href="/wiki/Nuu-chah-nulth_Economic_Development_Corporation"
<li><a href="/wiki/The_Ocean_Group" class="mw-redirect" title="The Ocean Group">The Ocean Group</a></li>
<li><a href="/wiki/L%E2%80%99Oie_de_Cravan" class="mw-redirect" title="L’Oie de Cravan">L’Oie de Cravan</a>
<li><a href="/wiki/Oland_Brewery" title="Oland Brewery">Oland Brewery</a></li>
<li><a href="/wiki/Omineca_Cablevision" title="Omineca Cablevision">Omineca Cablevision</a></li>
<li><a href="/wiki/Onex_Corporation" title="Onex Corporation">Onex Corporation</a></li>
<li><a href="/wiki/Ontario_Lottery_and_Gaming_Corporation" title="Ontario Lottery and Gaming Corporation">Ontario
<li><a href="/wiki/Open_Text_Corporation" class="mw-redirect" title="Open Text Corporation">Open Text
<li><a href="/wiki/Orca_Bay_Sports_and_Entertainment" class="mw-redirect"
<li><a href="/wiki/Osisko_Mining" title="Osisko Mining">Osisko Mining</a> (gold)</li>
<li><a href="/wiki/Ossian_Studios" title="Ossian Studios">Ossian Studios</a> (video game developer)</li>
<li><a href="/wiki/Pacific_%26_Western_Bank_of_Canada" class="mw-redirect"
<li><a href="/wiki/Pacific_Coastal_Airlines" title="Pacific Coastal Airlines">Pacific Coastal Airlines</a>
<li><a href="/wiki/Packers_Plus_Energy_Services" title="Packers Plus Energy Services">Packers Plus Energy
<li><a href="/wiki/Palliser_Furniture_Ltd." class="mw-redirect" title="Palliser Furniture Ltd.">Palliser
<li><a href="/wiki/Pan_American_Silver_Corporation" class="mw-redirect" title="Pan American Silver Corporation">Pan
<li><a href="/wiki/Para-Ordnance" class="mw-redirect" title="Para-Ordnance">Para-Ordnance</a></li>
<li><a href="/wiki/Paramount_Resources" title="Paramount Resources">Paramount Resources</a></li>
<li><a href="/wiki/Parmalat_Canada" title="Parmalat Canada">Parmalat Canada</a> (food products)</li>
<li><a href="/wiki/Parrish_%26_Heimbecker" title="Parrish &amp; Heimbecker">Parrish &amp; Heimbecker</a>
<li><a href="/wiki/Pascan_Aviation" title="Pascan Aviation">Pascan Aviation</a> (airline)</li>
<li><a href="/wiki/Paterson_GlobalFoods_Inc." class="mw-redirect" title="Paterson GlobalFoods Inc.">Paterson
<li><a href="/wiki/Persona_Communications" title="Persona Communications">Persona Communications</a></li>
<li><a href="/wiki/Petcetera" title="Petcetera">Petcetera</a> (pet stores)</li>
<li><a href="/wiki/Petro-Canada" title="Petro-Canada">Petro-Canada</a> (retail gasoline chain and refiner)</li>
<li><a href="/wiki/Pharmasave" title="Pharmasave">Pharmasave</a></li>
<li><a href="/wiki/Pizza_Nova" title="Pizza Nova">Pizza Nova</a></li>
<li><a href="/wiki/Pizza_Pizza" title="Pizza Pizza">Pizza Pizza</a></li>
<li><a href="/wiki/PMC-Sierra" title="PMC-Sierra">PMC-Sierra</a></li>
<li><a href="/wiki/Pollard_Banknote_Ltd." class="mw-redirect" title="Pollard Banknote Ltd.">Pollard Banknote
<li><a href="/wiki/Porter_Airlines" title="Porter Airlines">Porter Airlines</a> (airline)</li>
<li><a href="/wiki/Potash_Corporation_of_Saskatchewan" class="mw-redirect"
<li><a href="/wiki/Power_Corporation_of_Canada" title="Power Corporation of Canada">Power Corporation of
<li><a href="/wiki/Prairie_Plant_Systems" title="Prairie Plant Systems">Prairie Plant Systems</a>
<li><a href="/wiki/Pratt_%26_Whitney_Canada" title="Pratt &amp; Whitney Canada">Pratt &amp; Whitney Canada</a>
<li><a href="/wiki/Precision_Drilling" title="Precision Drilling">Precision Drilling</a></li>
<li><a href="/wiki/Premium_Brands_Holdings_Corporation" title="Premium Brands Holdings Corporation">Premium
<li><a href="/wiki/Presagis" title="Presagis">Presagis</a> (defence software)</li>
<li><a href="/wiki/Prevost_Car" title="Prevost Car">Prevost Car</a> (bus manufacturer wholly owned by Volvo AB)
<li><a href="/wiki/Priszm_Canadian_Income_Fund" class="mw-redirect" title="Priszm Canadian Income Fund">Priszm
<li><a href="/wiki/Pronto_Airways" title="Pronto Airways">Pronto Airways</a> (airline)</li>
<li><a href="/wiki/Protecode" title="Protecode">Protecode</a></li>
<li><a href="/wiki/Purolator_Courier" class="mw-redirect" title="Purolator Courier">Purolator Courier</a> (point
<li><a href="/wiki/QNX" title="QNX">QNX</a> (software - operating systems)</li>
<li><a href="/wiki/Quebecor" title="Quebecor">Quebecor</a> (printing / media)</li>
<li><a href="/wiki/Quester_Tangent_Corporation" title="Quester Tangent Corporation">Quester Tangent
<li><a href="/wiki/Rare_Element_Resources" title="Rare Element Resources">Rare Element Resources</a></li>
<li><a href="/wiki/Red_Back_Mining" title="Red Back Mining">Red Back Mining</a> (gold)</li>
<li><a href="/wiki/Regional_Maple_Leaf_Communications" title="Regional Maple Leaf Communications">Regional Maple
<li><a href="/wiki/Reimer_Express_Lines_Ltd." class="mw-redirect" title="Reimer Express Lines Ltd.">Reimer
<li><a href="/wiki/Ridley_Inc." title="Ridley Inc.">Ridley Inc.</a> (agri-business)</li>
<li><a href="/wiki/Rockstar_Toronto" title="Rockstar Toronto">Rockstar Toronto</a></li>
<li><a href="/wiki/Rockstar_Vancouver" title="Rockstar Vancouver">Rockstar Vancouver</a></li>
<li><a href="/wiki/Rogers_Communications" title="Rogers Communications">Rogers Communications</a></li>
<li><a href="/wiki/Rona_Inc." class="mw-redirect" title="Rona Inc.">Rona Inc.</a></li>
<li><a href="/wiki/Roots_Canada" title="Roots Canada">Roots Canada</a></li>
<li><a href="/wiki/Royal_Bank_of_Canada" title="Royal Bank of Canada">Royal Bank of Canada</a></li>
<li><a href="/wiki/Red_Barrels_Games" class="mw-redirect" title="Red Barrels Games">Red Barrels</a></li>
<li><a href="/wiki/St_Hubertus_%26_Oak_Bay_Estate_Winery" title="St Hubertus &amp; Oak Bay Estate Winery">St
<li><a href="/wiki/Sandman_Hotels" title="Sandman Hotels">Sandman Hotels</a></li>
<li><a href="/wiki/Sandvine" title="Sandvine">Sandvine</a> (networking equipment)</li>
<li><a href="/wiki/Saputo_Incorporated" class="mw-redirect" title="Saputo Incorporated">Saputo</a> (dairy
<li><a href="/wiki/Saskatchewan_Government_Insurance" title="Saskatchewan Government Insurance">Saskatchewan
<li><a href="/wiki/Saskatchewan_Minerals" title="Saskatchewan Minerals">Saskatchewan Minerals</a> (sodium
<li><a href="/wiki/Saskatchewan_Research_Council" title="Saskatchewan Research Council">SRC</a> (research)</li>
<li><a href="/wiki/SaskPower" title="SaskPower">SaskPower</a> (electricity)</li>
<li><a href="/wiki/SaskTel" title="SaskTel">SaskTel</a> (telecom)</li>
<li><a href="/wiki/Save-on-Foods" class="mw-redirect" title="Save-on-Foods">Save-on-Foods</a></li>
<li><a href="/wiki/Schmalz_Vacuum_Technology_Ltd" class="mw-redirect" title="Schmalz Vacuum Technology Ltd">Schmalz
<li><a href="/wiki/Scotiabank" title="Scotiabank">Scotiabank</a> (Bank of Nova Scotia)</li>
<li><a href="/wiki/Sears_Canada" title="Sears Canada">Sears Canada</a></li>
<li><a href="/wiki/Second_Cup" title="Second Cup">Second Cup</a></li>
<li><a href="/wiki/Sepro_Mineral_Systems" title="Sepro Mineral Systems">Sepro Mineral Systems</a></li>
<li><a href="/wiki/Servus_Credit_Union" title="Servus Credit Union">Servus Credit Union</a></li>
<li><a href="/wiki/Shaftebury_Brewing_Company" title="Shaftebury Brewing Company">Shaftebury Brewing Company</a>
<li><a href="/wiki/Shaw_Communications" title="Shaw Communications">Shaw Communications</a></li>
<li><a href="/wiki/Shell_Canada" title="Shell Canada">Shell Canada</a></li>
<li><a href="/wiki/Shopify" title="Shopify">Shopify</a> (eCommerce software)</li>
<li><a href="/wiki/Shoppers_Drug_Mart" title="Shoppers Drug Mart">Shoppers Drug Mart</a> (drug store chain)</li>
<li><a href="/wiki/Shore_Tilbe_Irwin_%2B_Partners" title="Shore Tilbe Irwin + Partners">Shore Tilbe Irwin +
<li><a href="/wiki/Siemen%27s_Transportation_Group" class="mw-redirect" title="Siemen's Transportation Group">Siemen's
<li><a href="/wiki/Sierra_Wireless" title="Sierra Wireless">Sierra Wireless</a></li>
<li><a href="/wiki/Sifto_Canada" title="Sifto Canada">Sifto Canada</a> (salt)</li>
<li><a href="/wiki/Sirius_XM_Canada" title="Sirius XM Canada">Sirius XM Canada</a></li>
<li><a href="/wiki/Sisu_production" title="Sisu production">sisu production</a></li>
<li><a href="/wiki/Sleeman_Breweries" title="Sleeman Breweries">Sleeman Breweries</a></li>
<li><a href="/wiki/Sleep_Country_Canada" title="Sleep Country Canada">Sleep Country Canada</a> (mattresses)</li>
<li><a href="/wiki/Smart_fortwo" class="mw-redirect" title="Smart fortwo">smart Canada</a> (manufacturer of the
<li><a href="/wiki/SMART_Technologies" class="mw-redirect" title="SMART Technologies">SMART Technologies</a>
<li><a href="/wiki/SNC-Lavalin" title="SNC-Lavalin">SNC-Lavalin</a> (engineering)</li>
<li><a href="/wiki/Sobeys" title="Sobeys">Sobeys</a></li>
<li><a href="/wiki/Softimage" class="mw-redirect" title="Softimage">Softimage</a></li>
<li><a href="/wiki/Soquelec" title="Soquelec">Soquelec</a> (scientific equipment, supplies and service)</li>
<li><a href="/wiki/The_Source_(Bell)_Electronics_Inc." class="mw-redirect"
<li><a href="/wiki/Stanfield%27s" title="Stanfield's">Stanfield's</a> (garment manufacturer)</li>
<li><a href="/wiki/Stelco" title="Stelco">Stelco</a></li>
<li><a href="/wiki/Stylus_Sofas" title="Stylus Sofas">Stylus Sofas</a> (furniture)</li>
<li><a href="/wiki/Sun_Life_Assurance" class="mw-redirect" title="Sun Life Assurance">Sun Life Assurance</a>
<li><a href="/wiki/Suncor_Energy" title="Suncor Energy">Suncor Energy</a> (energy)</li>
<li><a href="/wiki/Sun-Rype" title="Sun-Rype">Sun-Rype</a> (food and beverage)</li>
<li><a href="/wiki/Sunward_Aerospace_Group_Limited" class="mw-redirect" title="Sunward Aerospace Group Limited">Sunward
<li><a href="/wiki/Swiss_Chalet" title="Swiss Chalet">Swiss Chalet</a></li>
<li><a href="/wiki/SydneyPLUS_International" title="SydneyPLUS International">SydneyPLUS International</a>
<li><a href="/wiki/Symantec_Corporation" class="mw-redirect" title="Symantec Corporation">Symantec
<li><a href="/wiki/Syncrude" title="Syncrude">Syncrude</a></li>
<li><a href="/wiki/T_%26_T_Supermarket" title="T &amp; T Supermarket">T &amp; T Supermarket</a></li>
<li><a href="/wiki/Tahera_(mining_company)" title="Tahera (mining company)">Tahera</a> (mining company)</li>
<li><a href="/wiki/Talent_Technology" title="Talent Technology">Talent Technology</a> (HR software)</li>
<li><a href="/wiki/Talentvision" title="Talentvision">Talentvision</a> (Mandarin television)</li>
<li><a href="/wiki/Talisman_Energy" title="Talisman Energy">Talisman Energy</a></li>
<li><a href="/wiki/Tamarack_Developments_Corporation" title="Tamarack Developments Corporation">Tamarack
<li><a href="/wiki/Taseko_Mines_Limited" class="mw-redirect" title="Taseko Mines Limited">Taseko Mines
<li><a href="/wiki/TD_Waterhouse_Group" class="mw-redirect" title="TD Waterhouse Group">TD Waterhouse Group</a>
<li><a href="/wiki/Teck_Cominco" class="mw-redirect" title="Teck Cominco">Teck Cominco</a></li>
<li><a href="/wiki/Telesat_Canada" class="mw-redirect" title="Telesat Canada">Telesat Canada</a></li>
<li><a href="/wiki/Telus" title="Telus">Telus</a> (telecommunications)</li>
<li><a href="/wiki/Tembec" title="Tembec">Tembec</a></li>
<li><a href="/wiki/Thomson_Corporation" title="Thomson Corporation">Thomson Corporation</a></li>
<li><a href="/wiki/Tim_Hortons" title="Tim Hortons">Tim Hortons</a></li>
<li><a href="/wiki/Timothy%27s_World_Coffee" title="Timothy's World Coffee">Timothy's World Coffee</a></li>
<li><a href="/wiki/TMX_Group" title="TMX Group">TMX Group</a></li>
<li><a href="/wiki/Tolko" title="Tolko">Tolko</a> (forestry)</li>
<li><a href="/wiki/Toronto-Dominion_Bank" title="Toronto-Dominion Bank">Toronto-Dominion Bank</a></li>
<li><a href="/wiki/Toronto_Stock_Exchange" title="Toronto Stock Exchange">Toronto Stock Exchange</a></li>
<li><a href="/wiki/Torstar" title="Torstar">Torstar</a></li>
<li><a href="/wiki/TransCanada_Corp." class="mw-redirect" title="TransCanada Corp.">TransCanada Corp.</a>
<li><a href="/wiki/TransGas_Limited" class="mw-redirect" title="TransGas Limited">TransGas Limited</a></li>
<li><a href="/wiki/Transwest_Air" title="Transwest Air">Transwest Air</a></li>
<li><a href="/wiki/Tridel" title="Tridel">Tridel</a></li>
<li><a href="/wiki/Triple_Five_Group" title="Triple Five Group">Triple Five Group</a></li>
<li><a href="/wiki/Ubisoft_Montreal" title="Ubisoft Montreal">Ubisoft Montreal</a></li>
<li><a href="/wiki/Ubisoft_Toronto" title="Ubisoft Toronto">Ubisoft Toronto</a></li>
<li><a href="/wiki/Ultramar" title="Ultramar">Ultramar</a> (marketers and refiners of petroleum)</li>
<li><a href="/wiki/United_Furniture_Warehouse" title="United Furniture Warehouse">United Furniture Warehouse</a>
<li><a href="/wiki/Vaccine_and_Infectious_Disease_Organization"
<li><a href="/wiki/Vancity" title="Vancity">Vancity</a> (Vancouver City Savings Credit Union) (banking)</li>
<li><a href="/wiki/Via_Rail" title="Via Rail">Via Rail</a> (government-owned passenger train service)</li>
<li><a href="/wiki/Vice_Media" title="Vice Media">Vice Media</a> (media / publishing)</li>
<li><a href="/wiki/Vid%C3%A9otron" title="Vidéotron">Vidéotron</a> (telecommunications)</li>
<li><a href="/wiki/Virtual_Brokers" title="Virtual Brokers">Virtual Brokers</a> (online brokerage)</li>
<li><a href="/wiki/Vista_Broadcast_Group" title="Vista Broadcast Group">Vista Broadcast Group</a> (radio
<li><a href="/wiki/Walmart_Canada" title="Walmart Canada">Walmart Canada</a></li>
<li><a href="/wiki/Wardrop_Engineering_Inc." title="Wardrop Engineering Inc.">Wardrop Engineering Inc.</a>
<li><a href="/wiki/Waterloo_Maple" title="Waterloo Maple">Waterloo Maple Inc.</a> (mathematical software)</li>
<li><a href="/wiki/The_Wawanesa_Mutual_Insurance_Co." class="mw-redirect"
<li><a href="/wiki/West_Fraser_Timber" title="West Fraser Timber">West Fraser Timber</a> (wood products)</li>
<li><a href="/wiki/West_Wind_Aviation" title="West Wind Aviation">West Wind Aviation</a> (airline and air
<li><a href="/wiki/Western_Oil_Sands" title="Western Oil Sands">Western Oil Sands</a> (oil)</li>
<li><a href="/wiki/WestJet" title="WestJet">WestJet</a> (airline)</li>
<li><a href="/wiki/Wind_Mobile" title="Wind Mobile">Wind Mobile</a></li>
<li><a href="/wiki/WingTips_Airport_Services" title="WingTips Airport Services">WingTips Airport Services</a>
<li><a href="/wiki/Winners" title="Winners">Winners</a></li>
<li><a href="/wiki/Winpak_Ltd." class="mw-redirect" title="Winpak Ltd.">Winpak Ltd.</a> (manufacturing)</li>
<li><a href="/wiki/Yamana_Gold_Inc." class="mw-redirect" title="Yamana Gold Inc.">Yamana Gold Inc.</a></li>
<li><a href="/wiki/Yara_Belle_Plaine" title="Yara Belle Plaine">Yara Belle Plaine</a> (fertilizer)</li>
<li><a href="/wiki/Yogen_Fr%C3%BCz" title="Yogen Früz">Yogen Früz</a></li>
<li><a href="/wiki/Z8Games" title="Z8Games">Z8Games</a></li>
<li><a href="/wiki/Zag_Bank" title="Zag Bank">Zag Bank</a></li>
<li><a href="/wiki/ZENN" title="ZENN">ZENN</a> (motor company)</li>